"","Reserve (LOB1 Insurer 1)","RMSE (LOB1 Insurer 1)","Reserve (LOB3 Insurer 2)","RMSE (LOB3 Insurer 2)","Reserve (LOB2 Insurer 1)","RMSE (LOB2 Insurer 1)","Reserve (Total)","RMSE (Total)"
"Original",1693084420.93515,58270298.6459907,69144288.1897602,3872251.2045741,1457822876.61231,60972167.1839713,3220051585.73722,92807978.8559108
"AO Loop",1718991581.90847,57178545.698917,68827925.8971095,3702464.24119121,1468394842.00328,60156680.0014787,3256214349.80886,91280956.0416188
"AO Fence",1683372812.6171,54953180.1301749,67649205.1984508,3284329.38019814,1442579407.69895,56055412.5288723,3193601425.5145,86637491.2886092
"AO-mrfDepth",1690447322.44288,56343895.7674628,68547191.3774478,3458076.56035939,1448619406.38235,58225834.3190216,3207613920.20268,88999995.1877089
"HD Loop",1670996473.76242,54715446.7470038,67452809.5761774,3439666.56387625,1443520296.54979,56574963.8000991,3181969579.88839,87198150.7430087
"HD Fence",1675622252.70708,55712676.8422949,67819310.1767383,3545736.33483346,1451234302.28444,58253798.8750404,3194675865.16826,88999103.7597621
"MCD",1613191587.79636,50814315.9514923,65973786.401273,2961135.3397858,1424189133.41166,51905554.1972833,3103354507.6093,80333351.3944152
"bd (no limit)",1681377383.14017,56180468.1298798,68266437.0721338,3609641.71933114,1453267323.42545,59025918.5202522,3202911143.63775,89842099.9935617
"bd (limit)",1681377383.14017,56180468.1298798,68266437.0721338,3609641.71933114,1453267323.42545,59025918.5202522,3202911143.63775,89842099.9935617
